devicetypeid,eid,event_category,qid,event_name,description
12,4662,Success Audit,5000849,Success Audit: An operation was performed on an object,Success Audit: An operation was performed on an object.
12,4663,Success Audit,5000850,Success Audit: An attempt was made to access an object,Success Audit: An attempt was made to access an object.
12,4656,Success Audit,5000843,Success Audit: A handle to an object was requested,Success Audit: A handle to an object was requested.
12,4688,Process Tracking,5000001,A new process has been created,A new process has been created.
12,4624,Success Audit,5000800,Success Audit: An account was successfully logged on,Success Audit: An account was successfully logged on.
12,4625,Failure Audit,5000801,Failure Audit: An account failed to log on,Failure Audit: An account failed to log on.
12,4720,Success Audit,5000900,Success Audit: A user account was created,Success Audit: A user account was created.
12,4726,Success Audit,5000901,Success Audit: A user account was deleted,Success Audit: A user account was deleted.
15,4662,Object Access,5000849,Object Access: An operation was performed on an object,Object Access variant recorded by device type 15.
